station_id,station_name,docks_total
30200.0,9th St & Pennsylvania Ave NW,15
30201.0,9th & G St NW,11
31000.0,Eads St & 15th St S,12
31002.0,Crystal Dr & 20th St S,7
31003.0,Crystal Dr & 15th St S,5
31004.0,Aurora Hills Cmty Ctr / 18th St & S Hayes St,3
31005.0,Pentagon City Metro / 12th St & S Hayes St,5
31006.0,Pentagon Row Plaza / Army Navy Dr & Joyce St,1
31007.0,Crystal City Metro / 18th St & S Bell St,8
31009.0,Crystal Dr & 27th St S,8
31010.0,S Glebe Rd & Potomac Ave,8
31011.0,Crystal Dr & 23rd St S,12
31012.0,Clark St & 26th St S,8
31013.0,Eads St & 22nd St S,6
31014.0,19th St N & Ft Myer Dr,10
31015.0,Wilson Blvd & Ft Myer Dr,11
31016.0,Clarendon Blvd & Pierce St,12
31017.0,Wilson Blvd & N Uhle St,13
31018.0,Rhodes St & 16th St N,2
31019.0,Wilson Blvd & N Edgewood St,10
31020.0,Wilson Blvd & N Franklin Rd,7
31021.0,Clarendon Blvd & N Fillmore St,14
31022.0,Clarendon Metro / Wilson Blvd & N Highland St,18
31023.0,Fairfax Dr & Wilson Blvd,10
31024.0,Virginia Square Metro / Monroe St & 9th St N,8
31025.0,Central Library / Quincy St & 10th St N,10
31026.0,Washington Blvd & 10th St N,15
31027.0,Wilson Blvd & N Quinn St,15
31028.0,N Veitch St & Key Blvd,12
31029.0,N Veitch St & 20th St N,13
31030.0,Langston Blvd & N Adams St,14
31031.0,15th St & N Scott St,13
31032.0,Washington Blvd & 7th St N,7
31033.0,Barcroft Community Center,1
31034.0,Fairfax Dr & N Randolph St,11
31035.0,N Quincy St & Glebe Rd,3
31036.0,George Mason Dr & Wilson Blvd,7
31037.0,Ballston Metro / Stuart St & 9th St N,21
31038.0,Glebe Rd & 11th St N,9
31039.0,Wilson Blvd & N Quincy St,13
31040.0,GMU/Fairfax Dr & Kenmore St,6
31041.0,Prince St & Union St,1
31042.0,Market Square / King St & Royal St,6
31043.0,St Asaph & Pendleton St,4
31044.0,King St & Patrick St,6
31045.0,Commerce St & Fayette St,7
31046.0,Henry St & Pendleton St,6
31047.0,Braddock Rd Metro North,13
31048.0,King St Metro South,19
31049.0,Fairfax Dr & N Taylor St,5
31050.0,Barton St & 10th St N,8
31051.0,12th St N & N Pierce St,7
31052.0,Potomac Ave & 35th St S,8
31053.0,Columbia Pike & S Courthouse Rd,7
31054.0,Wakefield High School,5
31055.0,28th St & S Meade St,7
31056.0,S Troy St & 26th St S,0
31057.0,S Four Mile Run Dr & Shirlington Rd,11
31058.0,Columbia Pike & Monroe St,7
31059.0,S Four Mile Run Dr & Walter Reed Dr,4
31060.0,S Arlington Mill Dr & Campbell Ave,10
31061.0,S Kenmore St & 24th St S,9
31062.0,Roosevelt Island,4
31063.0,S George Mason Dr & S Four Mile Run Dr,2
31064.0,Gravelly Point,3
31065.0,N Pershing Dr & N Wayne St,8
31066.0,Columbia Pike & S Orme St,4
31067.0,Columbia Pike & S Walter Reed Dr,7
31068.0,Arlington Mill Cmty Center / Columbia Pike & S Dinwiddie St,7
31069.0,N Pershing Dr & N George Mason Dr,8
31070.0,Arlington Blvd & Fillmore St,7
31071.0,Eads St & 12th St S,8
31072.0,31st St & S Woodrow St,6
31073.0,Washington Blvd & Walter Reed Dr ,5
31074.0,TJ Cmty Ctr / 2nd St & S Old Glebe Rd,0
31075.0,Rolfe St & 9th St S,1
31076.0,S Randolph St & Campbell Ave,7
31077.0,Iwo Jima Memorial / Meade & 14th St N,14
31078.0,Arlington Blvd & S George Mason Dr,2
31079.0,Langston Blvd & N Cleveland St,4
31080.0,Langston Blvd & N Scott St,15
31081.0,Duke St & John Carlyle St,5
31082.0,Eisenhower Ave & Mill Race Ln,13
31083.0,Potomac Greens Dr & Slaters Ln,9
31084.0,Ballenger Ave & Dulaney St,12
31085.0,Mount Vernon Ave & E Nelson Ave,10
31086.0,Mount Vernon Ave & E Del Ray Ave,2
31087.0,Monroe Ave & Leslie Ave,14
31088.0,Mount Vernon Ave & Kennedy St,8
31089.0,Court House Metro / 15th St & N Uhle St,16
31090.0,Long Bridge Park / Long Bridge Dr & 6th St S,3
31091.0,Joyce St & 16th St S,3
31092.0,Langston Blvd & N Monroe St,1
31093.0,21st St & N Pierce St,11
31094.0,Langston Blvd & N Kirkwood Rd,5
31095.0,Army Navy Dr & S Nash St,8
31096.0,Columbia Pike & S Highland St,9
31098.0,King St Metro North / Cameron St,1
31099.0,Madison St & N Henry St,14
31100.0,19th St & Pennsylvania Ave NW,15
31101.0,14th & V St NW,1
31102.0,11th & Kenyon St NW,36
31104.0,Adams Mill & Columbia Rd NW,8
31105.0,14th & Harvard St NW,16
31106.0,Calvert & Biltmore St NW,15
31107.0,Lamont & Mt Pleasant NW,11
31108.0,4th & M St SW,21
31109.0,7th St & Florida Ave NW,6
31110.0,20th St & Florida Ave NW,9
31111.0,10th & U St NW,13
31112.0,Harvard St & Adams Mill Rd NW,11
31113.0,Columbia Rd & Belmont St NW,10
31114.0,18th St & Wyoming Ave NW,9
31115.0,Columbia Rd & Georgia Ave NW,13
31116.0,California St & Florida Ave NW,10
31117.0,15th & Euclid St NW,6
31118.0,3rd & Elm St NW,2
31119.0,14th & Belmont St NW,15
31120.0,10th St & Florida Ave NW,9
31121.0,Calvert St & Woodley Pl NW,14
31122.0,16th & Irving St NW,7
31123.0,14th & Girard St NW,14
31124.0,14th & Irving St NW,23
31125.0,15th & W St NW,7
31126.0,11th & Girard St NW,8
31127.0,22nd & H St NW,10
31128.0,23rd & M St NW,14
31129.0,15th St & Pennsylvania Ave NW,5
31130.0,7th & S St NW,11
31131.0,14th & Otis Pl NW,11
31132.0,13th & U St NW,12
31133.0,20th St & Columbia Rd NW,8
31134.0,8th & V St NW,12
31135.0,16th & Harvard St NW,18
31136.0,11th & Clifton St NW,19
31137.0,Park Pl & Rock Creek Church Rd NW,14
31138.0,4th & College St NW,7
31139.0,20th & M St NW ,11
31140.0,21st & L St NW ,14
31201.0,15th & P St NW,16
31202.0,14th & R St NW,16
31203.0,14th St & Rhode Island Ave NW,13
31204.0,20th & E St NW,7
31205.0,21st & I St NW,39
31206.0,19th & E Street NW,7
31207.0,Georgia Ave & Fairmont St NW,15
31208.0,M St & New Jersey Ave SE,12
31209.0,1st & N St SE,13
31210.0,17th St & Rhode Island Ave NW,15
31211.0,Kennedy Center,2
31212.0,New Hampshire Ave & Ward Pl NW,5
31213.0,17th & K St NW,3
31214.0,17th & Corcoran St NW,17
31215.0,Georgetown Harbor / 30th St NW,8
31216.0,14th St & New York Ave NW,25
31217.0,USDA / 12th & C St SW,36
31218.0,L'Enfant Plaza / 7th & C St SW,11
31219.0,10th St & Constitution Ave NW,43
31220.0,21st & E St NW,2
31221.0,18th & M St NW,21
31222.0,15th St & New York Ave NW,17
31223.0,Convention Center / 7th & M St NW,17
31224.0,18th & L St NW,8
31225.0,Wisconsin Ave & K St NW,15
31226.0,34th St & Wisconsin Ave NW,5
31227.0,13th St & New York Ave NW,25
31228.0,8th & H St NW,30
31229.0,New Hampshire Ave & T St NW,1
31230.0,Metro Center / 12th & G St NW,17
31231.0,14th & D St NW / John A Wilson Building,13
31232.0,7th & F St NW / National Portrait Gallery,20
31233.0,17th & K St NW / Farragut Square,34
31234.0,20th & O St NW / Dupont South,30
31235.0,19th St & Constitution Ave NW,31
31236.0,37th & O St NW / Georgetown University,12
31237.0,25th St & Pennsylvania Ave NW,0
31238.0,14th & G St NW,23
31239.0,Rhode Island & Connecticut Ave NW,19
31240.0,Ohio Dr & West Basin Dr SW / MLK & FDR Memorials,25
31241.0,Thomas Circle,10
31242.0,18th St & Pennsylvania Ave NW,22
31243.0,4th & C St SW,42
31244.0,4th & E St SW,14
31245.0,7th & R St NW / Shaw Library,1
31247.0,Jefferson Dr & 14th St SW,13
31248.0,Smithsonian-National Mall / Jefferson Dr & 12th St SW,11
31249.0,Jefferson Memorial,7
31250.0,20th & L St NW,17
31251.0,12th & L St NW,11
31252.0,21st St & Pennsylvania Ave NW,15
31253.0,19th & I St NW,23
31254.0,15th & K St NW,15
31255.0,24th & N St NW,3
31256.0,10th & E St NW,10
31257.0,22nd & I St NW / Foggy Bottom,25
31258.0,Lincoln Memorial,13
31259.0,20th St & Virginia Ave NW,11
31260.0,23rd & E St NW ,11
31261.0,Virginia Ave & C St NW,14
31262.0,11th & F St NW,16
31263.0,10th & K St NW,20
31264.0,6th St & Indiana Ave NW,3
31265.0,5th St & Massachusetts Ave NW,5
31266.0,11th & M St NW,11
31267.0,17th St & Massachusetts Ave NW,8
31268.0,12th & U St NW,25
31269.0,3rd St & Pennsylvania Ave SE,5
31270.0,8th & D St NW,14
31271.0,Constitution Ave & 2nd St NW/DOL,14
31272.0,Washington & Independence Ave SW/HHS,28
31273.0,Hains Point/Buckeye & Ohio Dr SW,9
31274.0,10th & G St NW,1
31275.0,New Hampshire Ave & 24th St NW,1
31276.0,15th & L St NW,23
31277.0,17th & G St NW,28
31278.0,18th & R St NW,10
31279.0,19th & G St NW,16
31280.0,11th & S St NW,13
31281.0,8th & O St NW,5
31282.0,16th & R St NW,5
31283.0,14th & L St NW,12
31284.0,18th & C St NW,15
31285.0,22nd & P ST NW,0
31286.0,11th & O St NW,14
31287.0,10th St & L'Enfant Plaza SW,17
31288.0,4th St & Madison Dr NW,22
31290.0,17th St & Independence Ave SW,5
31291.0,Vermont Ave & I St NW,14
31292.0,22nd St & Constitution Ave NW,16
31293.0,Thomas Jefferson St NW & Water/K St NW,5
31294.0,7th & E St SW,10
31295.0,Potomac & M St NW,4
31296.0,Columbia & Ontario Rd NW,8
31297.0,Virginia Ave & 25th St NW,0
31298.0,15th & M St NW,10
31299.0,Connecticut Ave & R St NW,12
31300.0,Van Ness Metro / UDC,11
31301.0,Ward Circle / American University,14
31302.0,Wisconsin Ave & Newark St NW,19
31303.0,Tenleytown / Wisconsin Ave & Albemarle St NW,12
31304.0,36th & Calvert St NW / Glover Park,7
31305.0,Connecticut Ave & Macomb St NW / Cleveland Park,8
31306.0,39th & Calvert St NW / Stoddert,10
31307.0,3000 Connecticut Ave NW / National Zoo,5
31308.0,39th & Veazey St NW,7
31309.0,Fessenden St & Wisconsin Ave NW,11
31310.0,Connecticut & Nebraska Ave NW,11
31311.0,13th & O St NW/ Logan Circle,16
31312.0,Wisconsin Ave & O St NW,9
31313.0,Connecticut Ave & Tilden St NW,7
31314.0,34th & Water St NW,8
31315.0,Connecticut Ave & McKinley St NW,19
31316.0,Yuma St & Tenley Circle NW,19
31317.0,Wisconsin Ave & Ingomar St NW,17
31318.0,Connecticut Ave & Yuma St NW,9
31319.0,Wisconsin Ave & Brandywine St NW,24
31320.0,American University East Campus,15
31321.0,15th St & Constitution Ave NW,18
31322.0,48th Pl & MacArthur Blvd NW,0
31323.0,Woodley Park Metro / Calvert St & Connecticut Ave NW,11
31324.0,18th & New Hampshire Ave NW,18
31325.0,Reservoir Rd & 38th St NW,13
31326.0,Hardy Rec Center,9
31327.0,14th & Q St NW,14
31328.0,21st St & G st NW,12
31330.0,17th & P St NW,14
31331.0,Arizona Ave & MacArthur Blvd NW,3
31332.0,11th & V St NW,13
31333.0,Wisconsin Ave & Rodman St NW,17
31334.0,Loughboro Rd & Dalecarlia Pkwy NW / Sibley Hospital,18
31335.0,16th & K St NW/BLM Plaza,32
31336.0,9th & N St NW ,18
31337.0,33rd St & Wisconsin Ave NW,6
31338.0,Connecticut Ave & Ordway St NW / Cleveland Park Metro ,7
31339.0,18th St & Ingleside Ter NW,1
31340.0,North Capitol & Douglas St NW / Reservoir Park Rec ,17
31380.0,Sunrise Valley Dr & Roland Clarke Pl,6
31381.0,Westbranch Dr & Maitland St,8
31383.0,N Shore Dr & Bandit Loop,2
31385.0,Old Meadow Rd & Old Meadow Ln,11
31386.0,Prosperity Ave & Avenir Pl,10
31387.0,Kingsbridge Dr & Draper Dr,6
31389.0,Route 29 & Circle Woods Dr,6
31390.0,Whitehaven Pkwy & Foxhall Rd NW / GWU Mt. Vernon,14
31391.0,44th St & New Mexico Ave NW,14
31392.0,39th St & Tunlaw Rd NW,12
31393.0,Wisconsin Ave & Upton St NW,14
31394.0,New Mexico & Cathedral Ave NW,15
31395.0,Massachusetts & Idaho Ave NW,8
31396.0,Dorr Ave & Prosperity Ave,9
31398.0,Tyco Rd & Boyd Pointe Way,1
31399.0,Old Meadow Rd & Cathy Ln,6
31400.0,Georgia & New Hampshire Ave NW,15
31401.0,14th & Quincy St NW,6
31402.0,14th St Heights / 14th & Crittenden St NW,10
31403.0,5th & Kennedy St NW,2
31404.0,9th & Upshur St NW,1
31405.0,Georgia Ave & Emerson St NW,2
31406.0,14th & Upshur St NW,17
31407.0,Colorado Ave & Longfellow St NW,14
31408.0,Takoma Metro,11
31411.0,Georgia & Missouri Ave NW,11
31412.0,3rd St & Riggs Rd NE,2
31413.0,3rd & Underwood St NW,14
31414.0,Georgia Ave & Piney Branch Rd NW,11
31415.0,Georgia Ave & Kennedy St NW,17
31416.0,14th St & Luzon Ave NW,8
31417.0,Kansas Ave & Sherman Cr NW,3
31418.0,New Hampshire & Gallatin St NW,9
31419.0,Georgia Ave & Morton St NW,12
31420.0,17th & Upshur St NW,19
31421.0,Grant Circle,7
31422.0,Broad Branch Rd & Northampton St NW,16
31423.0,Kansas Ave & Longfellow St NW,1
31424.0,9th & Ingraham St NW,5
31425.0,Georgia Ave & Dahlia St NW,5
31426.0,10th St & Spring Rd NW,12
31427.0,Kansas Ave & Tuckerman St NW / Lamond Rec ,11
31428.0,Western Ave & Pinehurst Cir NW ,6
31429.0,Rock Creek Pkwy & Pkwy Dr NW ,18
31500.0,4th & W St NE,12
31501.0,12th & Newton St NE,5
31502.0,John McCormack Rd & Michigan Ave NE,10
31503.0,Florida Ave & R St NW,6
31504.0,10th & Monroe St NE,18
31505.0,Eckington Pl & Q St NE,20
31506.0,1st & Rhode Island Ave NW,14
31507.0,1st & Washington Hospital Center NW,9
31508.0,Gallaudet / 8th St & Florida Ave NE,15
31509.0,New Jersey Ave & R St NW,0
31510.0,18th St & Rhode Island Ave NE,1
31511.0,12th & Irving St NE,9
31512.0,Neal St & Trinidad Ave NE,5
31513.0,Rhode Island Ave & V St NE,18
31514.0,Hamlin & 7th St NE,8
31515.0,Fort Totten Metro,11
31516.0,Rhode Island Ave Metro,18
31517.0,Union Market,9
31518.0,New York Ave & Hecht Ave NE,12
31519.0,1st & O St NW,5
31520.0,24th & R St NE / National Arboretum,5
31521.0,18th & Monroe St NE,0
31522.0,2nd St & Seaton Pl NE,15
31523.0,Lincoln Rd & Seaton Pl NE/Harry Thomas Rec Center,11
31524.0,Montello Ave & Holbrook Terr NE,11
31525.0,Trinidad Rec Center,18
31526.0,Rhode Island & Montana Ave NE,13
31527.0,North Capitol & R St NE,8
31528.0,John McCormack Rd NE,13
31529.0,Edgewood Rec Center,2
31530.0,Capitol Ave & Kendall St NE,14
31531.0,MBT & Bryant St NE,14
31532.0,4th & Florida Ave NE,12
31533.0,Tanner Park,9
31534.0,7th & Monroe St NE,6
31535.0,10th St & Rhode Island Ave NE,12
31536.0,5th & Morse St NE,18
31537.0,Fort Lincoln Dr & 33rd Pl NE,11
31538.0,South Dakota Ave & Bladensburg Rd NE,9
31539.0,South Dakota Ave & 33rd St NE,1
31540.0,3rd & N St NE,6
31541.0,10th & Quincy St NE / Turkey Thicket Rec,15
31542.0,12th & Varnum St NE,1
31543.0,24th St & Rhode Island Ave NE,7
31544.0,Michigan Ave & Allison St NE,3
31545.0,18th & Upshur St NE,0
31546.0,South Dakota Ave & Decatur St NE ,3
31600.0,5th & K St NW,5
31601.0,19th & East Capitol St SE,12
31602.0,Park Rd & Holmead Pl NW,32
31603.0,1st & M St NE,1
31604.0,3rd & H St NW,11
31605.0,3rd & D St SE,11
31606.0,Potomac & Pennsylvania Ave SE,5
31607.0,13th & E St SE,9
31608.0,8th & Eye St SE / Barracks Row,11
31609.0,Maine Ave & 7th St SW,0
31610.0,Eastern Market / 7th & North Carolina Ave SE,12
31611.0,13th & H St NE,1
31612.0,D St & Maryland Ave NE,22
31615.0,6th & H St NE,6
31616.0,3rd & H St NE,5
31617.0,Bladensburg Rd & Benning Rd NE,0
31618.0,4th & East Capitol St NE,5
31619.0,Lincoln Park / 13th & East Capitol St NE ,17
31620.0,5th & F St NW,26
31621.0,4th & D St NW / Judiciary Square,14
31622.0,13th & D St NE,26
31623.0,Columbus Circle / Union Station,17
31624.0,North Capitol St & F St NW,7
31625.0,3rd & G St SE,6
31626.0,15th St & Massachusetts Ave SE,9
31627.0,M St & Delaware Ave NE,16
31628.0,1st & I St SE,2
31629.0,8th & East Capitol St NE,6
31630.0,15th & East Capitol St NE,7
31631.0,8th & F St NE,14
31632.0,15th & F St NE,4
31633.0,Independence Ave & L'Enfant Plaza SW/DOE,4
31634.0,3rd & Tingey St SE,10
31635.0,Potomac Ave & 8th St SE,9
31636.0,New Jersey Ave & N St NW/Dunbar HS,8
31637.0,North Capitol St & G Pl NE,0
31638.0,1st & H St NW,5
31639.0,2nd & G St NE,12
31640.0,Maryland Ave & E St NE,14
31641.0,2nd St & Massachusetts Ave NE,16
31642.0,New Jersey Ave & K St NW,17
31643.0,1st & D St SE,12
31644.0,12th St & Pennsylvania Ave SE,18
31645.0,6th & K St NE,9
31646.0,Maine Ave & 9th St SW,6
31647.0,7th St & Massachusetts Ave NE,11
31648.0,Potomac Ave & Half St SW,13
31649.0,14th & Newton St NW,16
31650.0,1st & M St SE,22
31651.0,11th & Park Rd NW,19
31652.0,4th & M St SE,15
31653.0,7th & K St NW,6
31654.0,King Greenleaf Rec Center,8
31655.0,New Jersey Ave & F St NW,10
31656.0,Maryland Ave & 17th St NE,12
31657.0,Massachusetts Ave & 6th St NE,11
31658.0,Rosedale Rec Center,3
31659.0,11th & C St SE,10
31661.0,8th & H St NE,10
31662.0,1st & K St NE,10
31663.0,14th & D St SE,13
31664.0,Half & Water St SW,3
31665.0,Stadium Armory Metro,9
31666.0,4th & G St SW,5
31667.0,2nd & V St SW / James Creek Marina,6
31668.0,1st St & Potomac Ave SE,19
31669.0,3rd & M St SE,19
31670.0,12th St & New York Ave NW,27
31671.0,53rd & D St SE/C.W. Harris Elementary,14
31672.0,10th & H St NE,2
31673.0,Waterfront Park,11
31674.0,Maine Ave & Water St SW,4
31675.0,North Capitol & K St NE,8
31676.0,1st & Q St SW,12
31677.0,1st & L St NW,10
31678.0,4th & O St SW,1
31680.0,Half & I St SW ,3
31699.0,Eastern Market Metro,28
31700.0,Marion Barry Ave & Naylor Rd SE,19
31701.0,Branch & Pennsylvania Ave SE,14
31702.0,Randle Circle & Minnesota Ave SE,6
31703.0,Minnesota Ave Metro/DOES,10
31704.0,Nannie Helen Burroughs & Minnesota Ave NE,3
31705.0,Benning Branch Library,9
31706.0,Fairfax Village,5
31707.0,Benning Rd & East Capitol St NE / Benning Rd Metro,13
31708.0,Anacostia Ave & Benning Rd NE / River Terrace ,13
31710.0,Nannie Helen Burroughs Ave & 49th St NE,1
31711.0,Deanwood Rec Center,6
31712.0,Oklahoma Ave & D St NE,10
31713.0,Division Ave & Foote St NE,5
31714.0,61st St & Banks Pl NE,11
31715.0,37th & Ely Pl SE,10
31716.0,Kingman Island/The Fields at RFK,5
31717.0,Kenilworth Terr & Hayes St. NE,9
31718.0,Ridge Rd Community Center,13
31719.0,Oklahoma Ave & Benning Rd NE,0
31720.0,Anacostia Roller Skating Pavilion,17
31721.0,Anacostia Ave & East Capitol St NE,9
31722.0,Woody Ward Rec Center,15
31723.0,Ridge Rd & Southern Ave SE,11
31724.0,41st St & Alabama Ave SE / Fort Davis Rec,8
31725.0,16th St & North Carolina Ave NE,11
31726.0,34th St & Minnesota Ave SE,7
31727.0,17th St & Potomac Ave SE / Congressional Cemetery ,17
31728.0,55th & East Capitol St NE,7
31800.0,Alabama & MLK Ave SE,7
31801.0,Anacostia Metro,6
31802.0,MLK & Marion Barry Ave SE,2
31803.0,14th St & Marion Barry Ave SE,2
31804.0,Anacostia Library,9
31805.0,Pennsylvania & Minnesota Ave SE,3
31806.0,Congress Heights Metro,14
31808.0,W St & Shannon Pl SE,4
31811.0,South Capitol & Atlantic St SW,16
31812.0,16th & Q St SE / Anacostia HS,12
31813.0,Alabama Ave & Stanton Rd SE / Shops at Park Village,12
31814.0,Mississippi Ave & 19th St SE / THEARC,8
31815.0,19th & Savannah St SE,8
31816.0,4th St & Mississippi Ave SE,14
31817.0,1st & S Capitol St SE / Oxon Run Trail,1
31818.0,Livingston Rd & 3rd St SE,10
31819.0,Joliet St & MLK Ave SW/Bald Eagle Rec Ctr,4
31820.0,Anacostia Park,4
31822.0,Stanton Square SE,17
31824.0,Valley Ave & Wheeler Rd SE,4
31825.0,Fort Stanton Rec Center,14
31826.0,Minnesota Ave & R St SE,16
31827.0,St. Elizabeths West Campus/DHS ,19
31828.0,New Jersey Ave & H St SE,0
31829.0,16th & Bangor St SE,11
31830.0,South Capitol St and Southern Ave SE,0
31831.0,25th & S St SE ,7
31900.0,Langston Blvd & N Woodstock St,13
31901.0,Washington Blvd & N Frederick St,9
31902.0,Wilson Blvd & N Illinois St ,8
31903.0,Royal St & Wilkes St,1
31904.0,East Falls Church Metro / Sycamore St & 19th St N,16
31905.0,Kennebec St & 11th St N,6
31906.0,Commonwealth Ave & Oak St,12
31907.0,Franklin St & S Washington St,0
31908.0,Radford & Osage St,10
31909.0,Mount Vernon Ave & Four Mile Run Park,13
31910.0,Potomac Ave & Main Line Blvd,15
31912.0,Mount Vernon Ave & Bruce St,10
31913.0,Commonwealth Ave & E Monroe Ave,0
31914.0,Lee Center,9
31915.0,Powhatan St & Bashford Ln,8
31916.0,Potomac Ave & Swann Ave,16
31917.0,N Lynn St & Fairfax Dr,10
31918.0,Madison St & Fairfax St,12
31919.0,Carlin Springs Rd & N Thomas St,5
31920.0,Washington-Liberty High School / N Stafford St & Generals Way,10
31921.0,Westover Library / Washington Blvd & N McKinley Rd,9
31923.0,Columbia Pike & S George Mason Dr,9
31924.0,Wilson Blvd & N Troy St,9
31926.0,Wilson Blvd & N Vermont St,11
31927.0,Wheeler Ave & S. Floyd St.,8
31928.0,N. Beauregard St. & Berkley St.,13
31929.0,Mt Vernon Trail & S. Washington St.,2
31930.0,Eisenhower Ave & Ike Dr,14
31931.0,N Pitt St & Montgomery St,4
31932.0,Van Dorn Metro,6
31933.0,Duke St & Strand (Robinson Terminal),3
31935.0,National Airport,13
31936.0,Army Navy Dr & Fern St,10
31937.0,Arlington Blvd & Ft Myer Dr,9
31938.0,23rd St S & Hayes St,8
31939.0,Wilson Blvd & N Oak St,11
31940.0,Arlington Blvd & Fairfax Dr,10
31941.0,N Hampton Dr & Ford Ave,6
31942.0,Whiting & Lane Dr,7
31943.0,N Howard St & Taney Ave,9
31944.0,S Clark St & 33rd St,4
31945.0,Columbia Pike & S Greenbrier St,14
31946.0,Kenmore Ave & Seminary Rd,7
31947.0,Rosslyn Metro / Wilson Blvd & N Moore St,20
31948.0,W&OD Trail & Langston Blvd,9
31950.0,Long Bridge Aquatic Center,9
31951.0,8th Rd & S Frederick St,9
31952.0,N Howard St & N Imboden St,13
31953.0,S Pickett St & Shillings St,3
31954.0,S Jordan St & Venable St,7
31955.0,King St & Peyton St,12
31956.0,Reed & Edison,2
31957.0,King St & Kenwood Ave,13
31958.0,S Washington St & Wilkes St,5
31959.0,Main Line Blvd & E Glebe,12
31960.0,Commonwealth and Reed,5
31961.0,Fillmore & Bisdorf,8
31962.0,King St & W Braddock Rd,5
31963.0,Holmes Run Pkwy & N Pickett St,10
31964.0,Virginia Theological Seminary,9
31966.0,Duke St & Jordan St,8
31967.0,S Reynolds St & Edsall Rd,9
31968.0,King St & N Pitt St,2
31969.0,Braddock Rd Metro South,19
31970.0,First St & Fayette St,13
31971.0,S Wayne St and 9th St S,9
31972.0,S Wakefield St & 28th St S,9
31973.0,N Pershing Dr & N Quebec St,5
31974.0,Mandeville Ln & Stovall St,4
31976.0,Virginia Hospital Center,7
31977.0,Marymount University / Yorktown Blvd & 26th St N,10
31978.0,Arlington National Cemetery,1
31979.0,Potomac Yard Metro South,8
31981.0,Columbia Pike & W&OD Trail ,11
32000.0,Norfolk Ave & Fairmont St,8
32001.0,Fenton St & New York Ave ,8
32002.0,Bethesda Ave & Arlington Rd,10
32003.0,Montgomery Ave & Waverly St ,3
32005.0,Traville Gateway Dr & Gudelsky Dr,8
32006.0,13th St & Eastern Ave,9
32008.0,Cordell & Norfolk Ave,8
32009.0,Frederick Ave & Horners Ln,7
32011.0,Maple & Ritchie Ave,0
32012.0,Silver Spring Metro / Colesville Rd & Wayne Ave,16
32014.0,Friendship Hts Metro / Wisconsin Ave & Wisconsin Cir,17
32017.0,Monroe St & Monroe Pl,10
32018.0,Needwood Rd & Eagles Head Ct,12
32019.0,East West Hwy & Blair Mill Rd,2
32021.0,47th & Elm St,14
32022.0,Dennis Ave & Amherst Ave,9
32023.0,Montgomery College / W Campus Dr & Mannakee St,14
32024.0,Fenton St & Gist Ave,3
32025.0,Carroll & Westmoreland Ave,3
32026.0,Carroll & Ethan Allen Ave,6
32027.0,Battery Ln & Trolley Trail,9
32028.0,Norfolk & Rugby Ave,8
32029.0,Offutt Ln & Chevy Chase Dr,7
32032.0,Fleet St & Ritchie Pkwy,11
32034.0,Silver Spring Transit Center - Top Level,14
32036.0,Fenton St & Ellsworth Dr ,13
32037.0,King Farm Blvd & Pleasant Dr,10
32038.0,King Farm Blvd & Piccard Dr,14
32039.0,Old Georgetown Rd & Southwick St,13
32040.0,Friendship Blvd & Willard Ave,12
32043.0,Veterans Pl & Pershing Dr ,6
32044.0,Rockville Metro East,9
32045.0,Shady Grove Metro West,18
32046.0,River Rd & Landy Ln,13
32047.0,Rockville Metro West,16
32048.0,Bethesda Metro / Wisconsin Ave & Old Georgetown Rd,6
32049.0,WAU / Flower Ave & Division St,2
32050.0,Spring St & 2nd Ave,5
32051.0,Connecticut Ave & Chevy Chase Lake Dr,12
32053.0,Medical Center Metro ,14
32054.0,Lyttonsville Rd & Lyttonsville Pl,5
32055.0,Woodmont Ave & Strathmore St,4
32056.0,East West Hwy & 16th St,12
32057.0,Pooks Hill Rd & Linden Ave,3
32058.0,Sligo Ave & Carroll Ln,13
32059.0,Takoma Park Rec Center,0
32061.0,New Hampshire & Kirklynn Ave,14
32062.0,Wheaton Metro / Georgia Ave & Reedie Dr,14
32063.0,Amherst Ave & Elkins St,10
32064.0,Amherst Ave & Prichard Rd,14
32065.0,Grandview & Blueridge Ave,12
32066.0,Windham Ln & Amherst Ave,13
32067.0,Shady Grove Metro East,14
32068.0,Columbus Ave & Tribeca St,7
32073.0,Blueridge Ave & Elkin St,13
32074.0,Twinbrook Metro,14
32075.0,North Bethesda Metro,25
32076.0,Citadel Ave & McGrath Blvd,13
32077.0,Rockville Pike & Old Georgetown Rd,14
32078.0,Woodglen Dr & Executive Blvd,14
32079.0,Executive Blvd & E Jefferson St,6
32080.0,Fishers Ln & Rock Creek Mill Rd,7
32081.0,Congressional Ln & E Jefferson St,6
32082.0,Garland Ave & Walden Rd,8
32083.0,Rockville Pike & Rose Ave,13
32084.0,Wheaton Library & Community Rec Center,9
32085.0,The Shoppes @ Burnt Mills,5
32086.0,Briggs Chaney & Castle Dr,15
32087.0,White Oak Rec Center,14
32088.0,Briggs Chaney Park & Ride,9
32089.0,New Hampshire & Lockwood,11
32090.0,Stewart & April,15
32092.0,Castle Blvd & Castle Ln,16
32094.0,Oak Leaf & Lockwood,18
32101.0,Witter Field,10
32200.0,Spring Hill Metro,14
32201.0,Westpark Dr & Leesburg Pike,11
32203.0,Tysons Metro South,5
32204.0,Tysons Metro North,11
32205.0,Westpark & Jones Branch Dr,3
32206.0,Jones Branch & Westbranch Dr,5
32207.0,Westpark & Park Run Dr,11
32209.0,North Shore & Cameron Crescent Dr/Crescent Apartments,1
32210.0,Town Center Pkwy & Bowman Towne Dr,6
32211.0,Greensboro Metro East,13
32212.0,New Dominion Pkwy & Fountain Dr,8
32213.0,W&OD Trail/Sunset Hills Rd & Old Reston Ave,1
32214.0,W&OD Trail & Explorer St/Reston Bus Station,13
32215.0,Wiehle-Reston Metro South,16
32216.0,Library St & Freedom Dr,13
32218.0,Temporary Rd & Old Reston Ave,9
32219.0,Reston YMCA,5
32220.0,W&OD Trail/Sunset Hills Rd & Isaac Newton Sq,12
32221.0,Greensboro & International Dr,7
32223.0,North Shore Dr & Village Rd,5
32224.0,Town Center Pkwy & Sunset Hills Rd,6
32225.0,Reston Pkwy & Spectrum Dr,2
32226.0,20th & I St NW,24
32228.0,Reston Station Blvd & Sunset Hills Rd,4
32229.0,Park Run & Onyx Dr,8
32230.0,McLean Metro,14
32231.0,Dunn Loring Metro,16
32232.0,West Falls Church Metro,0
32234.0,Merrilee Dr & Lauren Elizabeth Lane,11
32235.0,Merrifield Cinema & Merrifield Town Center,2
32236.0,Vy Reston Heights,7
32237.0,Baron Cameron Ave & North Hampton Ave,5
32238.0,Ridge Heights Rd & Seahawks Dr,1
32239.0,Becontree Ln & Goldenrain Ct,0
32242.0,Market St & St Francis St,11
32243.0,Reston Town Center Metro North,12
32244.0,Vantage Hill Rd & Wainwright Dr,8
32246.0,Golf Course Sq and Golf Course Dr,8
32247.0,South Lakes Dr and Reston Pkwy,11
32248.0,Olde Crafts Dr and Cartwright Pl,4
32250.0,Glade Dr & Pinecrest Rd/Cathy Hudgins Cmty Ctr,10
32251.0,Lake Newport Rd and Autumn Ridge Cir,5
32252.0,Ridge Heights and Owl Cove Ln,9
32253.0,Soapstone Dr Convenience Center,0
32255.0,Hartland Rd & Harte Pl,7
32258.0,Reston Town Center Metro South,18
32259.0,N Shore Dr & Wainwright Dr,10
32260.0,Vienna Metro South,18
32261.0,Vaden Dr & Royal Victoria Dr/Jim Scott Cmty Ctr,11
32262.0,District Ave & Strawberry Ln/Mosaic Market Garage,10
32263.0,Gatehouse Rd & Telestar Ct,5
32264.0,Pimmit Dr & Idyl Ln,10
32265.0,Pimmit Dr & Los Pueblos Ln,3
32266.0,Emma Lee St & Morris St,8
32267.0,Route 29 & Bisvey Dr,0
32268.0,Arlington Blvd & Allen St,10
32269.0,Jones Branch Dr & Blyton St,0
32270.0,Westbranch & Jones Branch Dr,1
32271.0,Madron Ln & Bermudez Ct,9
32272.0,Madrillon Rd & Boss St,10
32274.0,Beech Dr at Draper Dr Park,9
32275.0,Fairfax Blvd & Pickett Rd South,12
32276.0,Fairfax Blvd & Pickett Rd North,8
32277.0,Layton Hall Dr & University Dr,7
32278.0,Blenheim Blvd & North St,5
32279.0,George Mason Blvd & Armstrong St,7
32280.0,University Dr & Democracy Ln,2
32281.0,Fair Woods Pkwy & Fairfax Blvd,9
32282.0,School St & George Mason Blvd,7
32283.0,South St & University Dr,2
32288.0,Seatrend Way & Topsails Ln,1
32289.0,Franconia-Springfield Metro North,5
32290.0,Charles Arrington Dr & Manchester Lakes Dr ,9
32293.0,GMU/Patriot Cir & York Dr,1
32294.0,GMU/Rappahannock River Ln,6
32295.0,GMU/Horizon Hall & Harris Theater,11
32296.0,Metro Park Dr & Walker Ln ,12
32297.0,Hilltop Rd & Willowmere Dr ,4
32298.0,Chain Bridge Rd & Anderson Rd,8
32301.0,20th & N St NW ,11
32320.0,Reston Cmty Ctr/Hunters Woods Plaza,6
32400.0,1301 McCormick Dr / Wayne K. Curry Admin Bldg,13
32401.0,Largo Town Center Metro,12
32402.0,Baltimore Ave & Van Buren St / Riverdale Park Station,16
32403.0,Baltimore Ave & Jefferson St,11
32404.0,Perry & 35th St,0
32405.0,Largo Rd & Campus Way / Prince Georges's Comm Col,2
32406.0,Fleet St & Waterfront St,4
32407.0,Oxon Hill Park & Ride,13
32408.0,Oglethorpe St & 42nd Ave,5
32409.0,Southern Ave Metro,12
32410.0,Queens Chapel & Hamilton St,0
32411.0,Northwestern High School,9
32412.0,New Hampshire Ave & East-West Hwy,12
32413.0,Rhode Island Ave & 39th St / Brentwood Arts Exchange,4
32414.0,Riggs Rd & East West Hwy,5
32415.0,Tanger Outlets,10
32416.0,Chillum Rd & Riggs Rd / Riggs Plaza,3
32417.0,Hyattsville Library / Adelphi Rd & Toledo Rd,14
32418.0,West Hyattsville Metro,1
32419.0,Capitol Heights Metro,11
32420.0,Prince George's Plaza Metro,16
32421.0,Riverdale Park Town Center,10
32422.0,The Mall at Prince Georges,13
32423.0,National Harbor Carousel,6
32424.0,Roosevelt Center & Crescent Rd,5
32425.0,Crescent Rd & Ridge Rd,4
32426.0,Greenbelt Station Parkway,7
32427.0,40th Ave & Bladensburg Rd,10
32428.0,Walker Mill Road/ Walker Mill Regional Park ,3
32429.0,Bowdoin Ave & Calvert Rd/ College Park Station,10
32430.0,Guilford Drive & Rowalt Drive / UMD,9
32431.0,Baltimore Avenue and Hotel Drive at UMD,13
32432.0,Bladensburg Waterfront Park,5
32433.0,Rhode Island Avenue /Charles Armentrout Drive - Melrose Skate Park ,5
32434.0,Motiva Greenbelt,1
32600.0,Founders Row/W Broad St & West St,10
32601.0,Eden Center,6
32602.0,N Oak St & W Broad St,11
32603.0,Pennsylvania Ave & Park Ave,7
32604.0,E Fairfax St & S Washington St,4
32605.0,W Broad St & Little Falls St,6
32606.0,N Roosevelt St & Roosevelt Blvd,2
32607.0,S Maple Ave & S Washington St,4
32608.0,Falls Church City Hall / Park Ave & Little Falls St,9
32609.0,W Columbia St & N Washington St,11
33200.0,17th St & New York Ave NW,1
,22nd & H St NW,10
